name,total,daily,peak,peak listeners
The Weeknd,108390904,178472,1,112784838
Taylor Swift,84024465,44341,2,85510279
Ed Sheeran,83307026,13920,3,84303920
Miley Cyrus,79065190,-3361,2,84140935
Rihanna,76029357,94007,2,80958750
Shakira,74472792,-70629,3,82268835
Ariana Grande,73400857,-21879,3,82981758
Justin Bieber,73075134,26144,8,75467229
Drake,72184054,119312,9,72184054
David Guetta,72003542,154189,7,72111517
Bad Bunny,68023336,286583,11,68023336
SZA,67366601,28055,9,69932543
Eminem,66891674,27829,11,68591390
Harry Styles,65037249,15125,13,66411599
Calvin Harris,64953382,86981,15,64953382
Coldplay,63672473,113040,15,63704480
Dua Lipa,61747891,58812,16,62473406
Imagine Dragons,61248373,129932,18,61248373
Bruno Mars,59910098,124949,19,59910098
Sam Smith,59508684,-26795,7,73972799
21 Savage,58881866,-71093,19,61319583
Post Malone,58275392,278408,22,58275392
Selena Gomez,57728950,-46357,22,58879269
Maroon 5,55840021,80594,23,56402723
Lady Gaga,55559570,82553,22,57730508
Marshmello,55240248,-26983,25,55402862
Future,54482813,433255,27,54482813
Doja Cat,54309809,102857,27,54309809
Kanye West,53927802,58609,27,53927802
Khalid,53405725,21832,28,53447844
Billie Eilish,53391555,40304,30,53391555
Metro Boomin,52962240,-5675,26,54441935
Katy Perry,52930336,63855,29,52957538
KAROL G,52316135,-81073,21,59143777
J Balvin,51826568,86156,33,51826568
Adele,51664357,96677,34,51664357
Rauw Alejandro,51461317,-126445,34,52131934
Nicki Minaj,50910267,248201,38,50910267
Chris Brown,50833168,-38711,25,54390450
Daddy Yankee,50765150,120391,36,50765150
Beyonc�,49061245,6286,26,53272966
Elton John,48906110,116851,40,48906110
Travis Scott,48616999,117850,43,48616999
OneRepublic,48406952,29659,39,48817506
Ozuna,48282719,71099,40,48529412
Queen,47573407,151921,46,47573407
Sia,46659747,68300,43,47868578
Bebe Rexha,46282954,10863,37,49496274
ROSAL�A,45779950,-177298,47,46715627
Shawn Mendes,45626866,102361,45,45955363
Bizarrap,44665491,-190571,28,54300662
Ellie Goulding,44537147,77314,52,44537147
Kendrick Lamar,44505040,70314,51,44505040
Ti�sto,44397651,23920,44,46094072
Arctic Monkeys,43928175,57129,53,43928175
Halsey,43470905,65221,48,45939636
Lana Del Rey,43139635,30376,53,43671330
Charlie Puth,42520071,-83437,58,42603508
Peso Pluma,41726917,411859,59,41726917
Black Eyed Peas,40543456,57255,57,40543456
Camila Cabello,40048510,60242,57,40454168
Rema,39079341,-12237,60,39406909
One Direction,39055646,48117,61,39055646
Feid,38223480,58827,61,38789450
Farruko,37805765,107815,65,37805765
Olivia Rodrigo,36299627,16874,66,36299627
Ice Spice,36171281,-45034,64,38464468
Michael Jackson,36100100,66882,68,36100100
XXXTENTACION,36084962,-15763,68,36180819
Avicii,35991023,43895,70,35991023
Lewis Capaldi,35962575,193483,71,35962575
P!nk,35914445,38088,68,36911512
JAY-Z,35909963,19740,66,37146089
The Chainsmokers,35811701,54102,74,35811701
J. Cole,35515450,-21261,63,38761672
PinkPantheress,35485358,-146008,60,39844680
Linkin Park,35430788,-70886,69,35852548
BTS,35343491,-24235,63,37492886
The Kid LAROI,34744950,-36911,50,44114355
Labrinth,34505249,340433,80,34505249
Pitbull,34456408,72359,80,34456408
Maluma,34213516,-21789,77,35229847
Lil Uzi Vert,33971888,-139817,67,37099004
Lil Nas X,33898060,-1562,61,37597256
Becky G,33795010,133818,85,33795010
Quevedo,33685296,49665,77,34995399
James Arthur,33678364,21141,82,34127274
Manuel Turizo,33515208,-15315,66,38186155
Coi Leray,33362108,241417,89,33362108
Anuel AA,33282425,68639,87,33655933
Myke Towers,33158106,-3539,88,33223075
Kim Petras,33122416,-12821,43,46551289
Meghan Trainor,33045621,-33394,69,37377997
Anne-Marie,32985154,320643,94,32985154
Sean Paul,32874235,302502,95,32874235
Stephen Sanchez,32859279,36508,82,34322910
Tyler The Creator,32782344,89868,95,32782344
Britney Spears,32776611,48294,92,32776611
Jason Derulo,32159392,92905,87,33599713
Grupo Frontera,32153992,681395,100,32153992
The Neighbourhood,31808291,7848,91,32280089
Eslabon Armado,31598207,425109,102,31598207
Miguel,31575304,-2560,80,34144669
Lil Wayne,31544571,-85791,91,32828472
RAYE,31525671,-49043,70,36484906
Diplo,31493112,117105,106,31493112
50 Cent,31464159,10698,93,32284400
Wiz Khalifa,31362393,-55583,103,31417976
Juice WRLD,31109254,-48053,94,31978167
Jack Harlow,31079707,100710,107,31079707
Snoop Dogg,30872141,46000,109,30872141
DaBaby,30628896,-65490,103,30808575
Lil Baby,30580717,-49448,100,30744406
The Beatles,30496554,98397,108,30496554
DJ Snake,30235501,34162,108,30235501
Justin Timberlake,30121979,35378,108,30121979
d4vd,30028485,5810,94,31836766
Ava Max,29961817,20736,99,31558578
Arijit Singh,29885942,88953,106,30090086
Cardi B,29853373,8746,98,31450819
Gorillaz,29480384,-60092,54,41977704
Young Thug,29469046,9626,121,29469046
Red Hot Chili Peppers,29285305,36181,122,29285305
Robin Schulz,29267064,-13378,76,34908935
Demi Lovato,29192507,-236345,102,30573042
Fleetwood Mac,29184351,49622,125,29184351
Pritam,29063713,76355,118,29063713
Yng Lvcas,29005266,335400,128,29005266
JVKE,28823154,90359,117,29051661
Tate McRae,28648790,-10908,93,32013045
Macklemore,28645042,-16803,127,28661845
Kygo,28640599,-45572,127,28902779
Chencho Corleone,28610787,47025,106,29784207
Kali Uchis,28574416,160438,134,28574416
Arc�ngel,28439173,-107485,112,29918189
Hozier,28299371,-93721,105,30293009
Don Omar,28230496,112436,133,28230496
Jhayco,28206500,103929,138,28206500
Glass Animals,28044257,-10222,132,28077809
Ty Dolla $ign,27955506,-66172,132,28263530
Flo Rida,27917430,-24617,139,27942047
FIFTY FIFTY,27754320,516193,142,27754320
AC/DC,27733613,31803,137,27733613
Nirvana,27602878,12371,132,27602878
Pharrell Williams,27559944,305480,145,27559944
A.R. Rahman,27546862,104286,145,27546862
Calum Scott,27537892,35408,131,27537892
Steve Lacy,27357480,20054,111,29765204
Tom Odell,27142755,-412,122,28365299
Guns N' Roses,26888413,47304,143,26888413
Metallica,26856261,2488,144,26870829
ABBA,26672277,77967,148,26672277
Don Toliver,26563120,18799,111,29512213
Em Beihold,26446912,42597,135,26623317
Joji,26340431,-9695,116,29284554
Swae Lee,26273230,59116,148,26273230
Frank Ocean,26221856,93229,157,26221856
Romeo Santos,26201442,17602,113,29261273
Alan Walker,26149930,87535,152,26149930
070 Shake,26050123,-67343,101,30903161
Yandel,26047878,-10462,126,27875326
Usher,25898690,32332,151,25898690
Daniel Caesar,25657965,110687,163,25657965
Creedence Clearwater Revival,25632556,28489,154,25898251
A$AP Rocky,25502434,-34577,160,25798774
DJ Khaled,25411409,-43329,124,27862957
Oliver Tree,25303041,-103781,85,33995315
Green Day,25296133,23400,161,25296133
Elley Duh�,25191971,7117,150,25586962
Sebastian Yatra,25097217,19888,137,26358160
Bon Jovi,25093432,65316,166,25093432
Giveon,24841201,-13056,145,25256024
Madonna,24806222,-3136,157,24964277
Tame Impala,24647147,125224,163,24647147
Pop Smoke,24624035,13940,162,24624035
Shreya Ghoshal,24575400,70514,169,24575400
Gunna,24343351,20214,159,24426525
The Rolling Stones,24325913,61762,174,24325913
Polo G,24312785,-118717,170,24908452
Panic! At The Disco,24181222,-42009,179,24223231
BLACKPINK,24146038,93175,181,24146038
Bee Gees,24062425,76203,181,24062425
Morgan Wallen,24049345,-115,168,24125209
Nicky Jam,24010081,23791,176,24010081
Sabrina Carpenter,23874615,4077,171,24245686
Tyga,23872290,-18981,176,23891271
Natanael Cano,23754938,132040,187,23754938
Whitney Houston,23754719,69753,186,23754719
Nicki Nicole,23718312,111161,178,23718312
Kodak Black,23713303,20487,165,24387635
Eladio Carrion,23712248,-14513,159,25486367
Lost Frequencies,23684361,44465,186,23684361
Megan Thee Stallion,23651694,-21430,163,24128927
Christina Aguilera,23610095,54494,178,23610095
The Police,23584861,88305,187,23584861
Kid Cudi,23438841,17429,186,23438841
Zara Larsson,23403905,41482,197,23403905
Twenty One Pilots,23396371,12573,197,23396371
Lizzo,23373446,-25761,105,30100497
Niall Horan,23348278,140536,129,27578996
Alicia Keys,23347686,59383,186,23347686
Mariah Carey,23209427,22688,161,24472844
Martin Garrix,23179364,16580,175,23410222
M�neskin,22964057,3433,134,26818201
Conan Gray,22899492,9762,182,23296895
2Pac,22892182,35561,205,22892182
John Legend,22846575,9581,156,24516883
Dr. Dre,22764137,29861,199,22764137
Enrique Iglesias,22623553,78705,209,22623553
Major Lazer,22558437,32934,210,22558437
Mark Ronson,22508223,-4918,189,23123246
Aerosmith,22490739,19660,201,22601429
Childish Gambino,22484834,-2972,209,22505800
Swedish House Mafia,22406090,863,203,22406090
Mac Miller,22355991,-6135,202,22362126
Alok,22349422,9183,179,23237853
Wisin & Yandel,22293598,15053,173,23350285
Jennifer Lopez,22289290,43506,207,22289290
Vance Joy,22275451,52727,219,22275451
Sech,22272458,-6405,174,23591625
Disney,22262463,18293,217,22262463
Duki,22155062,-33185,185,23264429
TINI,22109504,2630,194,22906402
ZAYN,22094761,23425,223,22094761
Fall Out Boy,22076838,-23166,207,22602083
Junior H,22001053,83339,226,22001053
Jonas Brothers,21984864,52961,219,21984864
Akon,21895416,29993,218,21895416
MEDUZA,21749626,-3838,222,21753464
Tainy,21711656,-11879,209,21947001
Billy Joel,21675461,54033,231,21675461
Roddy Ricch,21655727,-32733,205,22633632
The Notorious B.I.G.,21642315,-8192,202,22604823
Zion & Lennox,21511653,20740,234,21511653
Ruth B.,21494198,86995,224,21494198
Anitta,21365738,28685,151,24747002
Fuerza Regida,21288224,97774,237,21288224
Luis Fonsi,21262064,44347,214,21741741
Clean Bandit,21242710,29035,234,21242710
Anderson .Paak,21222476,964,197,22604620
Ne-Yo,21212415,52668,221,21782747
Jonas Blue,21116508,51112,242,21116508
Central Cee,21084214,-64090,125,28289817
The Killers,21049168,660,239,21058938
Felix Jaehn,20896147,43505,194,22698876
Tory Lanez,20788670,-16503,235,20842253
Skrillex,20761538,-36521,175,23635431
R3HAB,20673802,3907,240,20673802
Radiohead,20648456,-4646,234,20871274
Daft Punk,20622853,24865,248,20622853
Vishal-Shekhar,20580552,65455,219,21422981
A Boogie Wit da Hoodie,20577467,108763,252,20577467
Foo Fighters,20551966,54364,253,20551966
PNAU,20548726,9513,220,21972388
Macklemore & Ryan Lewis,20533092,-33203,251,20566295
5 Seconds of Summer,20506867,22044,252,20506867
Ryan Lewis,20492235,-35184,253,20527419
U2,20405819,51092,233,20920933
Nelly Furtado,20323688,59477,259,20323688
Young Miko,20213898,130314,260,20213898
Alesso,20138331,13801,259,20138331
�engo Flow,20132034,-9688,207,22145574
Steve Aoki,20022955,-56022,216,21606912
Lorde,19939063,67301,264,19939063
Big Sean,19911904,-25848,252,20137963
Bastille,19813812,21318,266,19813812
Maria Becerra,19745984,52993,236,20679465
Outkast,19715460,30214,268,19715460
Lil Durk,19664831,-11038,215,21674299
Tanishk Bagchi,19640982,62195,241,20405513
Camilo,19623327,44364,249,19932047
NewJeans,19538586,-13711,202,22353044
Melanie Martinez,19536807,-134933,257,20251491
JID,19502618,-3047,243,20333763
Summer Walker,19412407,32218,249,20229504
David Kushner,19370027,665709,276,19370027
Reik,19361056,14823,253,19812921
Mora,19354076,53128,245,20110955
Ovy On The Drums,19353086,34386,256,19658860
Eagles,19344449,24885,276,19344449
NF,19326010,32470,280,19326010
Pink Floyd,19274568,-22339,258,19735588
NLE Choppa,19233858,60115,283,19233858
Danny Ocean,19217593,-8948,270,19413332
Christian Nodal,19210262,40375,226,20998189
Phil Collins,19194707,47061,283,19194707
Justin Quiles,19175430,4734,223,21467956
Amitabh Bhattacharya,19159498,49310,254,19772337
Trippie Redd,19153196,17335,214,21902815
Avril Lavigne,19037026,159113,290,19037026
Carin Leon,19030171,53953,256,19693467
Paramore,19029615,11602,261,19561438
blackbear,18994542,-57197,259,19585895
Rosa Linn,18922676,-24621,213,22368082
Oasis,18864142,32148,294,18864142
Gabito Ballesteros,18863831,141283,296,18863831
Bryan Adams,18856891,33989,289,18856891
League of Legends,18832265,14194,266,19497150
Kesha,18808436,51639,299,18808436
Luke Combs,18784015,25404,295,18784015
Migos,18780177,17261,297,18780177
YoungBoy Never Broke Again,18703002,-44443,288,19009379
Becky Hill,18665589,-19004,257,19688989
Led Zeppelin,18658182,7518,294,18658182
De La Ghetto,18520981,-25528,238,20551958
Dean Lewis,18474099,11516,266,19535547
Lil Tjay,18417045,-94437,268,19447627
The Lumineers,18380393,48431,308,18380393
George Ezra,18364138,21667,291,18364138
TOTO,18290516,57778,310,18290516
Imanbek,18288905,10995,280,18669813
Stevie Wonder,18260132,17210,298,18398675
Julia Michaels,18257337,39069,312,18257337
Little Mix,18240015,4811,287,18240015
Jubin Nautiyal,18203343,70584,304,18203343
Bob Marley & The Wailers,18131170,76231,316,18131170
Timbaland,18092200,9231,299,18465908
Cris Mj,17964643,-12722,276,19079138
Lauv,17949546,-4779,275,19031935
Troye Sivan,17919809,-18215,278,18722800
Piso 21,17875632,-32917,321,17908549
Brent Faiyaz,17847114,44576,313,17917130
benny blanco,17843732,17199,292,18291830
Burna Boy,17817711,39792,322,17817711
Elvis Presley,17788924,19322,302,17825073
Mac DeMarco,17723685,39744,324,17723685
Gesaffelstein,17710587,10691,273,18995025
Nelly,17706452,33640,318,17706452
Rels B,17582620,80752,315,17582620
Alec Benjamin,17560260,62603,325,17560260
Journey,17553022,22630,323,17553022
Cigarettes After Sex,17385630,-1771,311,17429095
French Montana,17328908,5647,313,17328908
Tears For Fears,17284417,48597,334,17284417
NATTI NATASHA,17248186,17170,331,17248186
Alessia Cara,17211875,39631,320,17211875
blink-182,17141795,20370,337,17141795
Bomba Est�reo,17070530,14083,290,18055394
Marvin Gaye,17062719,53714,339,17062719
Lizzy McAlpine,17013573,-50315,293,18459665
Dire Straits,16999280,44156,331,16999280
PARTYNEXTDOOR,16970969,-1777,291,18054870
Kelly Clarkson,16956557,56418,343,16956557
R.E.M.,16934172,43334,332,16934172
El Alfa,16899351,33394,327,16899351
Juanes,16892896,47931,333,16892896
System Of A Down,16863898,19650,344,16863898
Zedd,16811471,19783,317,16864646
Joel Corry,16786128,-11742,301,17900378
Shaggy,16735699,32593,348,16735699
Aventura,16725348,45684,350,16725348
Playboi Carti,16694659,38697,335,16694659
John Mayer,16688694,2852,327,16777882
David Bowie,16678688,15458,317,16814850
The Offspring,16653596,25072,347,16653596
Jax Jones,16651121,49071,356,16651121
Backstreet Boys,16607704,65396,349,16607704
Luis Miguel,16602642,-10790,356,16613432
sped up nightcore,16578894,-39360,300,17931530
Bryson Tiller,16512948,-7111,319,16819059
Jason Mraz,16454155,46557,341,16454155
Libianca,16450346,142800,361,16450346
Luis R Conriquez,16441750,40932,362,16441750
JISOO,16434111,83143,361,16434111
Baby Keem,16333304,15008,351,16333304
Train,16331210,33601,365,16331210
DJ Luian,16320859,-68,305,17962358
Man�,16270910,-10290,359,16281200
Plan B,16211797,59787,369,16211797
Mambo Kingz,16201295,-355,310,17865170
Topic,16198249,18961,343,16198249
Udit Narayan,16169509,58430,345,16174989
Nicky Youre,16153866,6436,362,16248317
Florence + The Machine,16150182,39880,374,16150182
a-ha,16095001,76920,375,16095001
6LACK,16093122,-7536,321,16978376
The Cure,16090937,25569,354,16222683
Jessie J,16088559,48800,371,16088559
Earth Wind & Fire,16056344,50905,360,16080880
Ice Cube,16035637,3680,369,16035637
The Script,16022345,17793,360,16022345
Vishal Dadlani,15958739,49345,307,17518656
Carly Rae Jepsen,15936277,39424,374,15936277
G-Eazy,15930882,12433,382,15930882
Tove Lo,15920648,-5398,321,16726850
Russ,15889218,-15901,365,16113116
Ella Henderson,15875925,1476,364,16008760
Prince Royce,15810453,28576,339,16071931
Shankar Mahadevan,15755776,73674,389,15755776
Hotel Ugly,15728301,66691,360,15828757
Bruce Springsteen,15671117,46656,389,15671117
Keane,15645392,91895,392,15645392
Grupo Firme,15584110,33194,388,15584110
Alka Yagnik,15573204,43612,362,15672353
Meek Mill,15526708,-26471,393,15553179
Rex Orange County,15513094,17795,336,16098724
WILLOW,15507285,4908,360,15507285
The Cranberries,15487728,67266,390,15487728
Chris Stapleton,15405716,28719,368,15445119
Offset,15401575,21525,343,16042694
George Michael,15363521,58165,401,15363521
Dan + Shay,15340762,-97001,388,15689498
Jay Wheeler,15319307,-52121,365,15558742
The 1975,15277735,14804,341,15938374
Arcane,15262614,-16257,347,16018371
Morat,15226217,7485,344,15733395
B.o.B,15214181,-79900,344,16419933
Mohit Chauhan,15208666,43738,408,15208666
Charli XCX,15180353,235,351,15703492
Ricky Martin,15176669,31934,365,15245138
KK,15104130,69324,411,15104130
Aitana,15094220,13149,411,15094220
beabadoobee,15066513,53305,316,17155398
The White Stripes,15041470,5274,408,15041470
Rae Sremmurd,15033519,47322,415,15033519
Gabry Ponte,15006860,20840,379,15079347
Kings of Leon,15000770,19572,417,15000770
Quavo,14994570,-61898,347,16280099
Gucci Mane,14990747,-40057,409,15157635
Banda MS de Sergio Liz�rraga,14895122,50542,420,14895122
Paulo Londra,14883317,-51220,401,14934537
Amy Winehouse,14857132,59405,417,14857132
Lil Peep,14818187,-23751,387,15038447
Lynyrd Skynyrd,14750466,11741,419,14750466
Atif Aslam,14702474,26885,403,14743148
X Ambassadors,14663996,-8817,398,14934403
Daryl Hall & John Oates,14648732,56847,427,14648732
New West,14613886,37179,421,14613886
Lenny Tav�rez,14582077,-9730,425,14591807
Bazzi,14578193,-30999,428,14609192
Nickelback,14557540,-17553,414,14618096
Carlos Vives,14540429,38872,375,15105637
Galantis,14535406,-24156,338,16168291
Tones And I,14510719,-24226,416,14630824
Kehlani,14486583,-36910,413,14545020
Grupo Marca Registrada,14481515,36202,436,14481515
Armaan Malik,14473425,41340,422,14473425
dazy,14460876,8048,426,14492779
Julieta Venegas,14454749,13610,427,14455166
24kGoldn,14423500,1983,393,14838799
Cyndi Lauper,14399062,79241,441,14399062
iann dior,14390580,31197,439,14390580
My Chemical Romance,14369342,13403,442,14369342
Annie Lennox,14337334,40887,440,14337334
MC Ryan SP,14322718,64359,360,15382913
Sachin-Jigar,14314355,46293,272,19127223
Alejandro Sanz,14282578,19175,432,14395340
Ryan Castro,14193758,76609,448,14193758
Disclosure,14171900,9578,436,14171900
TV Girl,14142162,85109,449,14142162
Sigala,14133016,-25990,384,15011420
Sunidhi Chauhan,14028594,60467,422,14255501
Dalex,14026911,13309,355,15759825
Depeche Mode,14016606,11036,418,14555707
Blessd,14005701,157525,455,14005701
Badshah,13977650,67548,423,14044338
Tiago PZK,13970692,-10668,368,15348448
Gym Class Heroes,13913759,-32576,455,13946335
Hailee Steinfeld,13910614,-2939,440,14217074
Kordhell,13884655,1142,408,14497317
Maren Morris,13872720,-9481,432,13958753
Zach Bryan,13836267,-11894,384,15141378
Machine Gun Kelly,13826916,-25675,409,14429847
Wisin,13826693,149534,464,13826693
Armin van Buuren,13821866,-15780,455,13907704
Shania Twain,13808872,8193,403,14599078
Silk Sonic,13807631,-6647,373,15167191
Gwen Stefani,13799103,40006,466,13799103
Milo j,13745264,46180,468,13745264
Ana Castela,13728828,88593,466,13728828
Bon Iver,13700698,19966,469,13700698
Lyanno,13667750,672,416,14535766
Alejandro Fern�ndez,13659441,8971,404,14641195
MNEK,13656625,20093,451,13656625
Tems,13633614,-34467,439,13809718
Noah Cyrus,13616043,44778,476,13616043
Mike Posner,13611727,12096,474,13611727
Brray,13611660,-4688,466,13719246
Sonu Nigam,13609134,43800,457,13609134
Clairo,13554572,79933,480,13554572
Coolio,13545562,12230,469,13545562
Los �ngeles Azules,13542835,44079,450,13852902
Rita Ora,13516720,29877,350,15748850
Migrantes,13513609,-3729,428,14283705
Destiny's Child,13502029,6078,470,13502029
Bill Withers,13494695,56915,473,13494695
Muse,13492932,5274,484,13492932
Dermot Kennedy,13487147,-14523,405,14517267
Kate Bush,13439690,-8596,424,14101915
Anirudh Ravichander,13413481,29484,468,13413481
Dolly Parton,13410551,84677,491,13410551
KISS,13408703,17267,475,13408703
Cartel De Santa,13388940,-30102,376,15547760
Lil Tecca,13377791,13219,463,13377791
Taiu,13366781,36142,494,13366781
Mar�lia Mendon�a,13359570,51569,398,14932890
Sam Feldt,13322536,-15271,467,13616814
The Goo Goo Dolls,13313289,28460,490,13313289
Weezer,13294873,21112,497,13294873
Milky Chance,13250030,67901,500,13250030
SYML,13241603,-34608,464,13654711
King,13231831,9434,393,15038952
Pearl Jam,13221159,21201,488,13221159
Lord Huron,13206839,23300,495,13206839
Bradley Cooper,13195682,4068,457,13661847
Christina Perri,13165165,-12727,506,13177892
C�line Dion,13147629,44175,467,13180935
Black Sabbath,13144046,-18225,469,13417940
Jimin,13118237,-228779,374,15723792
Cage The Elephant,13097584,6625,504,13097584
Logic,13095988,21071,431,13970820
Neha Kakkar,13088201,21768,397,14807401
Empire of the Sun,13087018,59973,512,13087018
Jesse & Joy,13079529,-42648,506,13122177
Foster The People,13003660,9293,509,13003660
Frank Sinatra,12982536,39872,503,12982536
Thundercat,12966771,161282,447,13769796
Dove Cameron,12964875,801,367,15363797
Scorpions,12912143,35728,514,12912143
Boney M.,12860291,32843,519,12860291
Taio Cruz,12848835,28509,520,12848835
Zendaya,12823005,52394,522,12823005
Nio Garcia,12811015,38861,484,12817427
Chinmayi,12808200,46281,524,12808200
girl in red,12807328,16248,496,12807328
Shekhar Ravjiani,12795222,21005,392,14953237
Oscar Maydon,12764554,18668,523,12764554
Dominic Fike,12743485,48588,528,12743485
Limp Bizkit,12739832,6734,514,12739832
CKay,12665986,6138,439,13695129
Jung Kook,12663621,-27101,369,15330040
Lil Yachty,12639041,30233,509,12807263
Marc Anthony,12633922,2565,419,14118563
Jessie Reyez,12606323,-45962,241,21763207
Fred again..,12600405,-21326,449,13693975
LiL CaKe,12593731,-15203,470,13451768
Seafret,12576276,11991,480,12965413
Calibre 50,12572487,3633,488,12843859
Javed Ali,12566044,38153,539,12566044
Chase Atlantic,12553894,15146,540,12553894
James Hype,12538057,-7860,460,13541656
The Strokes,12536971,19440,536,12536971
Florida Georgia Line,12532376,466,540,12532376
Standly,12527794,-19068,438,13833044
MGMT,12517780,22129,540,12517780
Chino Pacas,12514121,93421,546,12514121
The Game,12480032,-1450,508,12484258
Kungs,12469540,40716,547,12469540
Aretha Franklin,12454830,-5220,547,12460050
AURORA,12417644,-14575,473,13167918
Shankar-Ehsaan-Loy,12412681,52644,551,12412681
GAYLE,12406321,18907,550,12406321
Rick Ross,12367100,2850,516,12371719
Madison Beer,12362473,18798,511,12388009
Cults,12352660,3768,463,13266271
Sean Kingston,12341780,4679,551,12341780
Eric Clapton,12334753,72495,550,12334753
keshi,12333997,90077,556,12333997
Jack Johnson,12331528,38062,538,12331528
DJ Nelson,12324883,-58931,510,12510144
Shilpa Rao,12310681,51699,445,13727478
Passenger,12197660,22927,525,12212743
Sachet Tandon,12177601,73749,549,12177601
Tony Dize,12114664,17879,517,12159559
Asees Kaur,12077024,45879,420,14110523
Kane Brown,12044717,-19620,515,12345081
Ms. Lauryn Hill,12042068,45317,567,12042068
James Blunt,12038307,5898,566,12038307
Jeremih,12026145,8208,536,12026145
Goodboys,12020525,5917,508,12349197
Neeti Mohan,11990565,45970,501,12556471
Lin-Manuel Miranda,11988186,5005,532,12025330
B Praak,11984331,62711,510,12347392
Latto,11983055,35630,560,11983055
Selena Gomez & The Scene,11954335,1052,525,12240569
Mau y Ricky,11948640,15561,489,12869542
Van Halen,11947683,14937,564,11947683
Danna Paola,11937923,45996,531,12171367
Purple Disco Machine,11909048,44506,579,11909048
H.E.R.,11906914,1086,503,12445597
YG,11892233,-93899,530,12471725
Slipknot,11887775,-25247,543,11934697
James Carter,11870590,32109,583,11870590
Tulsi Kumar,11870204,43933,584,11870204
Moneybagg Yo,11854678,15753,570,11854678
Mari Fernandez,11845647,96808,515,12181033
Darshan Raval,11836708,79723,587,11836708
Electric Light Orchestra,11833926,22895,584,11833926
Amaal Mallik,11806520,54856,589,11806520
Justine Skye,11803006,-12727,539,11860302
Blondie,11768485,63070,588,11768485
James Bay,11767794,13642,571,11767794
Van Morrison,11744391,2767,550,11965982
The Beach Boys,11744105,31969,590,11744105
Shouse,11743134,120687,595,11743134
Paul McCartney,11738850,15418,500,12562122
Fergie,11726735,22878,562,11726735
Kumaar,11716144,32659,316,16746132
Simon & Garfunkel,11715434,26342,575,11715434
Rochak Kohli,11702281,69993,600,11702281
Jaymes Young,11692073,-2359,530,12115003
Jonita Gandhi,11688586,33190,565,11688586
Henrique & Juliano,11681011,79587,600,11681011
DNCE,11671009,37473,591,11671009
Foreigner,11667473,3830,601,11667473
Bring Me The Horizon,11649891,-26793,547,11761947
FAST BOY,11625188,11320,541,11900190
Pablo Albor�n,11619312,1277,519,12174199
Beach House,11605785,53924,546,11799415
Normani,11605310,-8199,521,12124105
Michael Bubl�,11601009,17723,536,11912699
Lola Indigo,11587296,146638,612,11587296
T-Pain,11575880,-17546,568,11746117
Lukas Graham,11561443,-27252,515,12327134
Jorge & Mateus,11560295,70884,539,11885902
A$AP Ferg,11539969,9369,602,11539969
Johnny Cash,11485438,17111,592,11485438
Busta Rhymes,11467673,3683,612,11467673
Jeremy Zucker,11446322,31272,513,12231275
Robbie Williams,11444410,11577,607,11444410
Jhen� Aiko,11439979,-17623,593,11509802
Diddy,11405803,-65449,508,12776020
Evanescence,11399255,16692,595,11457282
Eurythmics,11364197,40190,621,11364197
Mithoon,11360251,53326,539,11850586
Devi Sri Prasad,11350504,46552,598,11350504
Mae Stephens,11326510,12947,611,11326510
Amit Trivedi,11318783,23889,384,14989573
The Clash,11317531,10662,615,11317531
The Walters,11313832,2545,543,11865299
Matheus & Kauan,11292554,62344,605,11292554
Mc Don Juan,11236247,63125,515,12171715
WALK THE MOON,11168760,17953,633,11168760
Himesh Reshammiya,11142474,46407,575,11503937
Regard,11130205,-16269,594,11405051
ILLENIUM,11115940,123825,636,11115940
Papa Roach,11093947,-8478,624,11102425
T.I.,11089918,-30928,587,11230035
Seeb,11083289,726,636,11083289
Ofenbach,11071653,25865,639,11071653
The Pussycat Dolls,11052903,13643,619,11052903
A7S,11038229,2424,578,11363223
Stromae,11030624,11473,617,11030624
Benson Boone,11018219,27066,625,11018219
Polim� Westcoast,10991645,-33497,415,14509409
Yeat,10990995,-2690,512,12395785
IVE,10926950,98136,647,10926950
Rod Stewart,10923731,12259,631,10923731
AJR,10917108,9913,576,11478322
Lionel Richie,10908716,31532,650,10908716
The Smiths,10906043,-3377,627,10953258
6ix9ine,10901299,96545,652,10901299
Amin�,10899824,42292,653,10899824
Prince,10879688,16370,644,10879688
Ayra Starr,10871608,-1329,541,11930168
TWICE,10848800,-36711,499,12855155
Gusttavo Lima,10841623,68070,572,11491082
Chance the Rapper,10824240,-533,623,10833947
Rahat Fateh Ali Khan,10804371,20624,599,11197682
Paloma Faith,10795634,-16921,579,11429573
Jowell & Randy,10793327,-2680,516,12159057
LISA,10782344,122178,662,10782344
Spice Girls,10781761,64038,663,10781761
Mustard,10743319,2200,648,10797192
La Adictiva,10729239,-14085,659,10756141
Mitski,10728355,-5233,642,10828099
Missy Elliott,10727447,-34390,622,11145049
Birdy,10709988,7386,668,10709988
Timmy Trumpet,10704186,-32373,648,10811988
M83,10687517,10738,653,10735950
Gotye,10677868,35167,671,10677868
John Lennon,10672910,1497,628,10798307
Rammstein,10666171,-4237,659,10670408
Ashe,10656277,27155,660,10656277
Lunay,10649305,26267,651,10669408
Billy Idol,10619995,29298,658,10667039
The Smashing Pumpkins,10614489,-27898,659,10741570
Wesley Safad�o,10611442,42876,630,10997207
Internet Money,10605103,-42135,587,11545527
Rvssian,10597430,-31474,600,11322904
Beach Weather,10577142,-25225,597,11162772
Hariharan,10575427,40828,682,10575427
Emilia,10542811,43785,568,11593392
Fujii Kaze,10535054,104440,584,11486587
Kenia OS,10508260,-21309,660,10654452
Soulja Boy,10488967,9883,669,10488967
Israel & Rodolffo,10480374,83411,656,10480374
Thomas Rhett,10455980,22835,688,10455980
3 Doors Down,10453627,16447,682,10453627
Joan Sebastian,10445232,29901,687,10445232
Carrie Underwood,10442943,-21793,678,10519569
Fifth Harmony,10438098,9735,675,10453843
Eden Mu�oz,10425750,-5053,570,11572669
Disturbed,10412782,13236,680,10412782
Nas,10407925,-3815,636,10560790
Los Enanitos Verdes,10401294,26410,653,10724103
Lata Mangeshkar,10400268,36188,625,10764342
Brytiago,10388768,16160,615,11045517
SAINt JHN,10388406,2537,614,10812618
Sid Sriram,10355842,28119,684,10355842
Key Glock,10350582,-47115,642,10689084
John Newman,10346450,3991,696,10346450
Cazzu,10342479,55437,703,10342479
$uicideboy$,10311295,-7251,603,10998846
John Martin,10293463,176663,705,10293463
Lenny Kravitz,10291579,31575,697,10291579
Santa Fe Klan,10281107,-1412,677,10405682
ZZ Top,10271876,-30309,704,10302185
Flume,10263587,-2061,640,10605443
TLC,10227592,32399,710,10227592
ACRAZE,10222364,-29836,577,11380380
Guilherme & Benuto,10212441,87900,706,10212441
Sting,10209163,33776,698,10209163
Yuridia,10198004,-9355,569,11583989
Miggy Dela Rosa,10196432,-12166,581,11442944
Z� Neto & Cristiano,10195330,81963,711,10195330
Anu Malik,10194324,30565,633,10680438
Oliver Heldens,10159226,-376,710,10159602
Jess Glynne,10132177,31711,719,10132177
Mumford & Sons,10125492,25340,720,10125492
INTERWORLD,10124092,-1721,711,10138551
Roxette,10089348,24938,709,10092012
Thaman S,10082152,25955,663,10363281
Bob Dylan,10060637,31569,718,10060637
Chayanne,10044807,25557,657,10401039
Tracy Chapman,10039852,26892,721,10039852
Shiloh Dynasty,10035775,2929,724,10035775
Leon Bridges,10034559,20733,711,10034559
Cosculluela,10033789,75740,729,10033789
Z� Felipe,10033485,34747,600,10925468
Saweetie,10031808,-7201,703,10180323
Juan Luis Guerra 4.40,10024302,48976,700,10024302
Kimbra,10018676,29726,728,10018676
Benny Dayal,10018124,53622,710,10018124
Kenny Loggins,10012930,28065,718,10012930
La Oreja de Van Gogh,10008731,17217,713,10009593
Chief Keef,10008269,33888,701,10008269
C. Tangana,9997155,13696,701,10029417
Loud Luxury,9995364,-5349,672,10435717
Survivor,9993536,18751,723,9993536
Takeoff,9959836,3174,635,10587587
La Joaqui,9955044,49474,610,10853959
Natalia Lafourcade,9944170,203,705,10146339
Luan Santana,9941327,66806,741,9941327
Ski Mask The Slump God,9922243,21414,745,9922243
Korn,9911490,15081,733,9911490
Tony Aguirre,9909478,35991,742,9909478
will.i.am,9897345,9994,724,9897345
Luke Bryan,9895208,22387,749,9895208
Kelsea Ballerini,9892613,-21042,649,10570841
Maiara & Maraisa,9886123,50784,622,10783478
Olivia Newton-John,9879850,45599,738,9879850
Three Days Grace,9879600,-21888,716,9989370
L7NNON,9879177,25111,583,11295456
Owl City,9868441,18722,755,9868441
MARINA,9866478,7005,694,9930863
Mary J. Blige,9866161,3767,696,10058418
Carla Morrison,9865644,11552,565,11635580
Micro TDH,9860498,7019,753,9860498
Tammi Terrell,9858817,36306,760,9858817
Rage Against The Machine,9853455,4720,737,9853455
Ciara,9839175,58339,762,9839175
Blur,9832532,3753,562,11690166
2 Chainz,9830925,3814,745,9830925
Counting Crows,9827956,25284,761,9827956
Juli�n �lvarez y su Norte�o Banda,9822730,-32281,638,10658698
AP Dhillon,9815884,46494,675,10161431
Guru Randhawa,9801098,59362,736,9801098
Dhvani Bhanushali,9788058,55546,707,9928727
Gera MX,9778744,62881,770,9778744
KHEA,9765963,23746,768,9765963
Parampara Tandon,9713212,68137,772,9713212
Wham!,9705088,31308,752,9705088
Aya Nakamura,9696486,52513,734,9834411
Yusuf / Cat Stevens,9691174,39463,757,9691174
DMX,9690226,-12353,615,10919370
Marco Antonio Sol�s,9688818,19303,688,9978174
Manu Chao,9682468,18716,761,9682468
Joey Bada$$,9677392,16873,772,9677392
Alfredo Olivas,9672531,10364,770,9672531
Gryffin,9668881,-36317,654,10446335
Zac Brown Band,9668815,10624,775,9668815
Andy Grammer,9665571,-34095,733,9853235
Vishal Mishra,9663098,76951,727,9845050
Cheat Codes,9645771,-53656,608,10975050
Xam�,9644204,13731,604,10846179
K. S. Chithra,9643157,56978,786,9643157
MAX,9637912,8803,750,9703746
Gustavo Mioto,9630994,59504,680,10099695
Sfera Ebbasta,9623449,63864,790,9623449
Pailita,9619019,-6820,585,11280046
Sidhu Moose Wala,9612723,49707,792,9612723
Yuvan Shankar Raja,9611357,31919,775,9611357
Gigi D'Agostino,9603762,7539,773,9603762
Tina Turner,9603279,12040,783,9603279
ARIZONATEARS,9570037,-21393,641,10670827
Darell,9569773,7303,683,10172001
Dimitri Vegas & Like Mike,9569408,-1946,653,10663059
Rudimental,9569032,12779,793,9569032
Hans Zimmer,9564516,1613,725,9905447
�ngela Aguilar,9542955,2960,619,10830921
Tom Petty,9518444,24385,795,9518444
Yo Yo Honey Singh,9514232,30739,749,9615714
Sasha Alex Sloan,9509091,39313,721,9652523
S. P. Balasubrahmanyam,9498210,26549,772,9498210
bbno$,9490988,-19662,721,9973186
Eyedress,9488375,23911,764,9488375
Camila,9480850,47610,808,9480850
Los Tucanes De Tijuana,9473421,71195,805,9473421
Thalia,9468376,18456,699,9975578
The Mamas & The Papas,9458960,24817,799,9458960
Riton,9453787,-6710,703,9791369
Jimi Hendrix,9424260,-1948,791,9448008
Ghost,9414401,7280,778,9414401
Pink Sweat$,9398559,914,696,9875147
Mabel,9389527,4333,749,9481688
El Fantasma,9374879,37081,817,9374879
BYOR,9365463,3368,740,9536786
Cher,9357570,29357,818,9357570
Jorja Smith,9354141,18443,819,9354141
Pixies,9313658,-16253,778,9424656
The Fray,9302825,34083,822,9302825
Bonnie Tyler,9298132,28570,822,9298132
Rag'n'Bone Man,9274487,13037,782,9408680
Xanemusic,9261626,-17004,779,9445482
Omar Apollo,9254315,-15674,592,11377789
Bakar,9253103,47299,827,9253103
Bryant Myers,9250986,6546,812,9250986
LIT killah,9250153,44461,829,9250153
Mon Laferte,9245720,-15785,790,9365446
Salim-Sulaiman,9244388,15502,829,9244388
Eric Church,9238723,16402,734,9854923
Vacations,9235771,48931,833,9235771
Tego Calder�n,9235424,77910,834,9235424
GIMS,9231933,77147,835,9231933
Jatin-Lalit,9225723,35712,762,9339544
Bacilos,9210410,-31881,828,9242291
Luciano,9205446,5151,829,9205446
Jordan Davis,9197627,10338,819,9197627
Hugo & Guilherme,9182412,81603,838,9182412
Soda Stereo,9152853,9119,788,9366304
Vicente Fern�ndez,9147091,8065,814,9174308
Kodaline,9142599,22860,836,9142599
Bob Sinclar,9140513,25883,841,9140513
Hoobastank,9138774,17640,841,9138774
Tom Grennan,9125798,-29129,632,10804758
LE SSERAFIM,9122760,115268,736,9601499
fun.,9106489,24692,847,9106489
Rascal Flatts,9082596,6927,848,9082596
LUM!X,9069273,-458,830,9073412
Juan Gabriel,9065372,10628,777,9247558
NAV,9063090,-1389,657,10348691
Chicago,9062386,-7267,850,9069653
Sum 41,9051025,2810,854,9051025
Los Tigres Del Norte,9044377,8162,781,9285113
B�RNS,9042122,28231,855,9042122
Snow Patrol,9041980,16803,856,9041980
Fivio Foreign,9035304,-17242,706,10141150
WIU,9032938,34966,701,9867079
INXS,9020190,26685,809,9181466
Ben E. King,9015340,9270,825,9045965
Surf Curse,9009504,6343,837,9009504
Colbie Caillat,9008770,65936,863,9008770
Icona Pop,9008222,11189,805,9063370
Stormzy,9001171,5358,690,9988920
Edgardo Nu�ez,8994881,-13348,814,9070324
Ozzy Osbourne,8989014,-1905,805,8990919
YNW Melly,8985515,-12684,802,9002656
TOMORROW X TOGETHER,8979165,8119,746,9506972
Lu�sa Sonza,8976990,71894,650,10437059
Isabel LaRosa,8965680,-39748,708,9880750
MAGIC!,8965219,19507,849,8965219
Ali Gatie,8957993,19318,756,9357361
ScHoolboy Q,8957073,-11086,829,8997507
Baby Rasta,8956349,-21693,609,10986033
Sam Hunt,8949722,-25380,812,9130186
Fetty Wap,8944259,8077,831,8944259
Willy William,8931844,11087,841,8952834
Miranda Lambert,8919678,10149,859,8919678
Talking Heads,8916443,-19758,848,8936201
Phoebe Bridgers,8900998,4286,817,8921554
Hombres G,8898751,13281,816,9088621
Zion,8888729,24259,883,8888729
NIKI,8875196,-23293,727,9882969
Freddie Dredd,8868153,-23589,651,10375038
Dave,8866696,1199,795,9025681
Diljit Dosanjh,8859060,28881,742,9514043
Kylie Minogue,8852468,1612,886,8852468
alt-J,8833268,33029,889,8833268
Why Don't We,8832571,-38169,881,8885788
Sleepy Hallow,8825870,-3427,854,8894341
Otis Redding,8822675,9721,850,8912546
Will Smith,8821303,19618,890,8821303
Louis Armstrong,8818912,25895,870,8818912
MC Kevin o Chris,8811259,60096,824,9067703
Gerardo Ortiz,8801149,8966,888,8801149
Mahalini,8800145,16591,784,9241356
Miranda!,8793969,84509,708,10050393
No Doubt,8781486,36843,899,8781486
BoyWithUke,8776101,71,743,9580542
AgroPlay,8773192,69710,872,8773192
YOASOBI,8751711,72529,902,8751711
G. V. Prakash,8738436,14869,818,9037656
Jon Pardi,8736791,39293,901,8736791
Two Feet,8734639,-9454,856,8773770
Matt Sassari,8733764,25442,906,8733764
Heart,8727135,34306,907,8727135
Lenin Ram�rez,8712825,-1547,796,9012853
DVRST,8711976,-14775,792,9129451
JP Cooper,8709809,300,826,8964796
dhruv,8706893,7407,795,9195088
Jimmy Eat World,8698934,20470,908,8698934
Noriel,8688467,12959,873,8688467
Lykke Li,8661382,16198,860,8661382
Keith Urban,8660498,445,909,8660829
Wizkid,8658534,-3337,696,10068776
Bailey Zimmerman,8651102,-10823,875,8767531
Kool & The Gang,8650317,8880,884,8659839
Duncan Laurence,8649921,9223,847,8835009
Norah Jones,8641096,29569,823,8867934
FMK,8641024,164729,919,8641024
Tim McGraw,8640661,10286,921,8640661
Ella Eyre,8638166,-1370,825,8793332
Pedro Cap�,8637538,43175,814,8873022
Luan Pereira,8637055,90251,925,8637055
IU,8636275,65255,926,8636275
Ricardo Arjona,8623119,-5051,838,8929397
Felipe Amorim,8621111,94838,896,8621111
Grey,8619073,20727,913,8619073
The Vamps,8601163,9382,871,8601163
Chris Jedi,8597672,1278,767,9356538
Cordae,8592404,29587,932,8592404
Kansas,8591272,1916,893,8658521
Baby Tate,8589021,-36391,693,10931256
JP Saxe,8581643,20839,898,8581643
Blxst,8566481,-19470,771,9488271
Rod Wave,8552463,137,925,8562500
Years & Years,8543405,1593,863,8582239
John Denver,8534494,32284,922,8534494
Neeraj Shridhar,8533160,30266,822,8870507
Tulus,8529190,37676,901,8529190
Masked Wolf,8525090,-3471,924,8528561
Marca MP,8512942,12716,939,8512942
KAYTRANADA,8509943,37023,942,8509943
LMFAO,8504896,18041,905,8504896
The Who,8502607,22519,937,8502607
Rvfv,8495722,49748,947,8495722
Guaynaa,8487726,38478,923,8487726
VIZE,8487225,20525,933,8487225
Capital Cities,8486860,10264,936,8486860
Sukhwinder Singh,8476745,24715,902,8476745
Sufjan Stevens,8469859,28375,944,8469859
Jason Aldean,8447593,898,872,8592645
Gerardo Coronel,8447255,67009,954,8447255
NATTAN,8439477,77824,884,8514984
M�tley Cr�e,8433167,4143,924,8433167
Avenged Sevenfold,8406068,-8057,893,8587406
Carlos Rivera,8404780,13629,847,8754994
Trueno,8393529,10737,864,8661269
Zac Efron,8378874,-4784,907,8384513
Sade,8340031,-3748,922,8382443
Blake Shelton,8331812,-865,962,8332677
Selena,8303965,14456,947,8303965
Ray Charles,8300876,12215,954,8300876
Patrick Watson,8292546,-8422,928,8345201
Kanii,8286675,38223,966,8286675
The Verve,8280773,15487,967,8280773
Gurinder Gill,8280278,45141,843,8664565
Callejero Fino,8274222,22395,949,8288592
LANY,8272257,-31851,768,9300075
Duran Duran,8259969,26694,970,8259969
The Black Keys,8251908,-3648,953,8275180
42 Dugg,8246457,-208746,816,9279623
Sofi Tukker,8241255,27823,972,8241255
The Temptations,8238369,31931,964,8238369
Simple Minds,8237983,22139,957,8237983
Lil Mosey,8235934,-2228,939,8273002
Shubh,8216257,28059,805,8957099
KayBlack,8213650,82975,977,8213650
Payal Dev,8213448,62408,980,8213448
Jasleen Royal,8210583,16230,781,9252329
Mainstreet,8195824,63688,982,8195824
LUDMILLA,8176184,25340,770,9271016
Smash Mouth,8173356,35328,981,8173356
Shaan,8160118,44158,974,8160118
Powfu,8149875,7903,913,8208886
Aleman,8147953,2361,918,8226286
Sadhana Sargam,8147737,44590,984,8147737
Paul Simon,8134400,5844,974,8134400
Aitch,8131182,-17175,773,9426643
Leo Santana,8116417,22700,489,12793052
BIA,8116381,-36875,833,8998253
Santhosh Narayanan,8109303,25235,993,8109303
Sof�a Reyes,8108261,9276,859,8666783
Karthik,8093333,27899,995,8093333
Diana Ross,8085115,9041,957,8107355
Of Monsters and Men,8082952,20305,997,8082952
Lady A,8077075,-17603,878,8444238
The Mar�as,8072476,2374,887,8590483
